k,t_s,offset_ns,offset_simulink_ns,meas_ns,corr_ppb,freq_adj,adj_valid
0,0,0,0,4.29381781693366,377.855967890162,-10386,1
1,0.001,37.1221923828125,37.1221440321098,89.1088070082979,7858.52700947147,-216014,0
2,0.002,66.763671875,66.7636212775002,1.69230517918281,517.676418578102,-14230,0
3,0.003,103.745849609375,103.745949502391,137.179973959335,12447.2724920789,-342148,0
4,0.004,128.798706054688,128.798668610374,206.020626478526,19046.8364509592,-523555,0
5,0.005,147.251831054688,147.251835450784,106.40300432684,11093.855134948,-304946,0
6,0.006,173.657958984375,173.65798007308,139.1341688883,14394.2766774389,-395667,0
7,0.007,196.763671875,196.763701666579,235.714647115902,23442.6604602388,-644387,0
8,0.008,210.821044921875,210.821038628167,235.916352380169,24391.0119503079,-670455,0
9,0.009,223.930053710938,223.930027157575,128.250711217656,15847.8332872037,-435622,0
10,0.01,245.582153320312,245.582196157783,311.821313318378,32508.3800799546,-893584,0
11,0.011,250.573852539062,250.57381236368,261.028106824976,29269.6484535161,-804558,0
12,0.012,258.80419921875,258.804167332025,289.750220835261,32827.7334521662,-902362,0
13,0.013,263.476440429688,263.476436730929,251.807089208857,30632.6717409002,-842024,0
14,0.014,270.34375,270.343765486448,235.301151723617,30174.2836303957,-829424,0
15,0.015,277.66943359375,277.669480678775,248.586116633695,32272.3294894874,-887095,0
16,0.016,282.897094726562,282.897147170196,248.216057426368,33221.1822677125,-913177,0
17,0.017,287.175903320312,287.175960225942,255.06081369091,34803.4778137115,-956671,0
18,0.018,289.872436523438,289.872477135986,308.723237248549,40532.7511792354,-1114156,0
19,0.019,286.839721679688,286.839721889634,212.586632235788,33291.5692787697,-915112,0
20,0.02,291.048095703125,291.048151938839,324.579796654791,43986.2597717089,-1209085,0
21,0.021,284.561889648438,284.561886564007,285.27809024567,41809.1506448994,-1149241,0
22,0.022,280.252685546875,280.25273531414,287.376387133837,43120.0786713479,-1185276,0
23,0.023,274.632568359375,274.632651399051,286.988628556525,44220.5178929489,-1215524,0
24,0.024,267.912109375,267.912125137909,296.055182251712,46151.4057236665,-1268600,0
25,0.025,259.260620117188,259.260716638564,314.366141035035,48931.5959561287,-1345021,0
26,0.026,247.8291015625,247.829110737779,293.72706264102,48356.4745822617,-1329213,0
27,0.027,236.972534179688,236.972633516252,171.58383387479,38767.5048941402,-1065633,0
28,0.028,235.704956054688,235.705118012429,220.69506409746,43766.7061298728,-1203050,0
29,0.029,229.438354492188,229.438395370029,253.253166967156,47503.1232954629,-1305756,0
30,0.03,219.435180664062,219.435265577661,110.891479208086,35975.138275851,-988877,0
31,0.031,220.9599609375,220.960116768373,146.412949322553,39538.8272058376,-1086835,0
32,0.032,218.921142578125,218.921272453139,188.257042709193,43799.1457477874,-1203942,0
33,0.033,212.6220703125,212.622111264851,115.265597214115,38119.1373488364,-1047811,0
34,0.034,212.002807617188,212.002965787961,217.601651804783,47579.7787306165,-1307863,0
35,0.035,201.923095703125,201.92316845239,148.685310232525,42374.2319935831,-1164774,0
36,0.036,197.048828125,197.048924746487,201.866837002072,47641.2159541012,-1309552,0
37,0.037,186.907592773438,186.907694692096,279.198805398742,55243.3994454924,-1518519,0
38,0.038,169.164184570312,169.164280298702,158.663289217566,45738.5509052631,-1257252,0
39,0.039,160.925659179688,160.925714587905,206.651105008605,50587.8813607055,-1390549,0
40,0.04,147.837768554688,147.837821591906,122.391710550621,43988.9132109769,-1209158,0
41,0.041,141.348754882812,141.348896735531,30.0800000643311,36348.6851614372,-999145,0
42,0.042,142.5,142.500191903542,92.2209076475762,41935.8408690168,-1152724,0
43,0.043,138.064208984375,138.064326399465,91.4277071356158,42230.1273673569,-1160813,0
44,0.044,133.334106445312,133.334180194397,180.170731109574,50400.4700648366,-1385398,0
45,0.045,120.43359375,120.433694670903,212.876225068207,53989.8675796169,-1484062,0
46,0.046,103.943725585938,103.943808950348,117.251764462176,46415.3503828555,-1275855,0
47,0.047,95.0283203125,95.0284415730891,53.6280086844438,41279.3698405117,-1134679,0
48,0.048,91.2489013671875,91.2490510741879,50.7117647699239,41234.4637543202,-1133444,0
49,0.049,87.514404296875,87.5145636794572,-5.55784107106081,36482.9484876252,-1002836,0
50,0.05,88.531494140625,88.5315901089271,117.640190540785,47302.432912919,-1300239,0
51,0.051,78.7291259765625,78.7291370643174,43.4598425352106,41239.0057606835,-1133569,0
52,0.052,74.989990234375,74.9901182625484,-22.3951389088146,35615.3468519383,-978987,0
53,0.053,76.8746337890625,76.8747480349934,29.4066498154832,40085.4882512645,-1101862,0
54,0.054,74.2891845703125,74.2892371154943,-17.8256652620689,36045.1419779115,-990801,0
55,0.055,75.7440185546875,75.7440774479712,19.5522074765141,39264.0190524521,-1079281,0
56,0.056,73.97998046875,73.9800399398262,73.3076636574031,44071.6913114876,-1211433,0
57,0.057,67.4083251953125,67.4083298892892,115.378760342424,48063.3664758889,-1321156,0
58,0.058,56.844970703125,56.8449492599439,87.1307150915736,46033.0538396459,-1265347,0
59,0.059,48.3118896484375,48.3118835483796,-21.533352264428,36814.6079754993,-1011952,0
60,0.06,48.9971923828125,48.9972624354247,29.1148712764464,41186.6379723563,-1132130,0
61,0.061,45.310546875,45.3106046482609,-15.7837873179181,37350.5015278517,-1026683,0
62,0.062,45.4599609375,45.460084109617,10.3123149915985,39584.644138758,-1088094,0
63,0.063,43.3753662109375,43.3754149768786,-11.0222484572798,37747.9155748435,-1037607,0
64,0.064,43.12744140625,43.1274804695146,53.4279256170567,43376.0150564758,-1192311,0
65,0.065,37.25146484375,37.251447141826,96.0552427806998,47338.1524172125,-1301221,0
66,0.066,27.413330078125,27.4132812945154,84.8903104159691,46734.8644676144,-1284638,0
67,0.067,18.178466796875,18.1784062018785,16.5463465955787,41055.7425969423,-1128532,0
68,0.068,14.62255859375,14.6226542119134,80.441295321517,46743.8230611842,-1284884,0
69,0.069,5.3787841796875,5.37880825017734,-3.82463819141785,39646.0031459753,-1089781,0
70,0.07,3.2327880859375,3.23278812234499,72.0689833018954,46309.5421658072,-1272947,0
71,0.071,-5.5767822265625,-5.57676900535027,-76.3082232680802,33536.8763337252,-921855,0
72,0.072,-1.61376953125,-1.6136614613701,32.4369616394418,42805.1877401247,-1176620,0
73,0.073,-6.9188232421875,-6.91887372266959,-91.6839453505145,32010.6090495611,-879901,0
74,0.074,-1.4295654296875,-1.42949376763347,44.052380974605,43593.4375499278,-1198287,0
75,0.075,-7.52294921875,-7.52295286221027,20.9934570849963,41738.17104773,-1147290,0
76,0.076,-11.7611083984375,-11.7611391106258,-30.6723234998049,37274.464524839,-1024593,0
77,0.077,-11.53564453125,-11.5356164397179,-66.8513246107163,33969.6180939016,-933750,0
78,0.078,-8.00537109375,-8.00525239134827,-65.1852128299014,33852.3069010502,-930525,0
79,0.079,-4.357666015625,-4.35758523478913,-114.217548091032,29280.1101778183,-804846,0
80,0.08,3.8621826171875,3.86228151346265,92.9924931338216,47063.662925742,-1293676,0
81,0.081,-5.701416015625,-5.70140639929068,-15.8025312781877,37856.8351403775,-1040601,0
82,0.082,-6.0582275390625,-6.05825906048723,-57.3358661764131,34139.5132758474,-938420,0
83,0.083,-2.6978759765625,-2.69778627499615,78.6097439597569,45876.3649681658,-1261040,0
84,0.084,-11.0740966796875,-11.0741757250002,-18.628613890551,37629.7407464919,-1034358,0
85,0.085,-11.2039794921875,-11.2039264577466,102.240948528926,48192.7164717659,-1324711,0
86,0.086,-21.8966064453125,-21.8966642267146,33.6746386726875,42562.5284692092,-1169950,0
87,0.087,-26.959228515625,-26.9592044507116,-42.270026863495,36012.3453755049,-989900,0
88,0.088,-25.4715576171875,-25.471568555359,15.1202975605215,40895.8118587613,-1124136,0
89,0.089,-28.867431640625,-28.8673961579997,-12.8933729110762,38490.3037920296,-1058013,0
90,0.09,-29.857666015625,-29.8577197357549,14.4115700674156,40842.2357378839,-1122663,0
91,0.091,-33.199951171875,-33.1999675496074,-66.2069255463654,33804.7050024974,-929217,0
92,0.092,-29.5047607421875,-29.5046877021173,-9.34329663645053,38547.3194045128,-1059581,0
93,0.093,-30.552001953125,-30.5520300607499,-62.8139249555052,33805.0167773153,-929225,0
94,0.094,-26.8570556640625,-26.8570611795501,-56.6755396684271,34097.2053068538,-937257,0
95,0.095,-23.454345703125,-23.4542827050279,21.0650682387845,40714.6237720775,-1119155,0
96,0.096,-26.6689453125,-26.6689287031498,31.4436542567678,41711.1042310668,-1146546,0
97,0.097,-30.8800048828125,-30.8800513267677,27.0229276166202,41446.2198337395,-1139265,0
98,0.098,-34.8262939453125,-34.8262840699411,58.0590777037771,44284.0875596397,-1217272,0
99,0.099,-41.6103515625,-41.6103893117548,-35.9614228838987,36239.5007466988,-996144,0
100,0.1,-40.3499755859375,-40.3499035886484,-8.27881270841615,38533.5947445956,-1059203,0
101,0.101,-41.383544921875,-41.3835213721006,-37.1477655782393,35960.4421394783,-988473,0
102,0.102,-39.843994140625,-39.8439825712995,-23.7530800756212,36992.5150852058,-1016843,0
103,0.103,-39.3365478515625,-39.336515754921,-63.2003946682736,33427.3742409139,-918845,0
104,0.104,-35.263916015625,-35.26390994633,-4.13090900873577,38375.9738208028,-1054871,0
105,0.105,-36.139892578125,-36.139901553939,-31.3667647200887,35962.9096894373,-988541,0
106,0.106,-34.6029052734375,-34.6028277301745,-4.74362266735641,38181.9102029628,-1049536,0
107,0.107,-35.2847900390625,-35.2847619981777,-18.2846795965967,36971.569370899,-1016267,0
108,0.108,-34.75634765625,-34.7563513840486,-22.2182906959157,36553.2236791115,-1004767,0
109,0.109,-33.8095703125,-33.8095923931934,-140.715174296919,26037.7801105557,-715721,0
110,0.11,-22.347412109375,-22.3473882040103,-123.319052580997,27013.0953134326,-742530,0
111,0.111,-11.8604736328125,-11.8605031773026,-20.6123695718529,35564.4197986476,-977587,0
112,0.112,-9.9249267578125,-9.92493802660096,-101.19310536738,28391.9374135715,-780432,0
113,0.113,-0.81689453125,-0.816891982443433,12.9898310089123,38040.5254346948,-1045650,0
114,0.114,-1.357421875,-1.35743513086835,-98.4442367186032,28285.6113274966,-777509,0
115,0.115,7.85693359375,7.85693720865361,14.8445772148208,37866.3691070729,-1040863,0
116,0.116,7.4906005859375,7.49055033630553,-90.0226184156741,28696.6622824335,-788808,0
117,0.117,16.2938232421875,16.2938750144044,103.94722882566,45410.5995421658,-1248237,0
118,0.118,8.38330078125,8.38325365323379,-38.0401076813449,33326.0975889531,-916061,0
119,0.119,12.55712890625,12.5571427440997,-19.0138597056746,34850.2250656861,-957956,0
120,0.12,15.2069091796875,15.2068991792978,34.6356701333384,39496.3169734012,-1085666,0
121,0.121,13.2105712890625,13.210565749914,65.9669294468945,42390.2094186806,-1165213,0
122,0.122,8.3204345703125,8.32033952214309,44.5135257784978,40762.747333318,-1120478,0
123,0.123,5.0576171875,5.05758327839718,63.4188770297055,42602.1576431978,-1171039,0
124,0.124,-0.0445556640625,-0.044588280216197,-13.162529275447,36113.3716148577,-992677,0
125,0.125,1.342041015625,1.34202620960418,23.5304316946008,39290.3865146424,-1080006,0
126,0.126,-0.4483642578125,-0.448375638883294,10.9829594815452,38279.1071042238,-1052208,0
127,0.127,-1.2274169921875,-1.2274983198936,16.7821057138344,38832.7926966984,-1067428,0
128,0.128,-2.560302734375,-2.56030039314212,9.4986483479926,38258.1042018625,-1051631,0
129,0.129,-3.318359375,-3.31842101333963,-2.33047421578561,37254.6420799279,-1024048,0
130,0.13,-3.0731201171875,-3.07307389064334,10.4435900157438,38369.5590200986,-1054694,0
131,0.131,-3.942626953125,-3.94265295687933,-74.1772967627599,30964.1522769724,-851136,0
132,0.132,2.5931396484375,2.59318089377472,79.5953405779398,44203.2923953346,-1215051,0
133,0.133,-4.110107421875,-4.11013118919065,-57.4509768852933,32457.4588631718,-892184,0
134,0.134,0.932373046875,0.932395818283633,3.41708087572918,37587.0314893987,-1033184,0
135,0.135,0.8453369140625,0.845346197956705,-12.2239745657335,36224.1092458473,-995721,0
136,0.136,2.1212158203125,2.12121991818087,-64.0887128715658,31611.7520233485,-868937,0
137,0.137,8.009521484375,8.00945128062125,67.3501928775572,42925.3534908544,-1179923,0
138,0.138,2.584228515625,2.5840876979201,36.7381425905952,40497.3916270824,-1113184,0
139,0.139,-0.4132080078125,-0.413307529816868,4.34137752974399,37791.5184886751,-1038805,0
140,0.14,-0.704833984375,-0.704832697219949,-32.9145071259294,34530.1403974633,-949157,0
141,0.141,2.2650146484375,2.26501174829564,49.54647026787,41656.7599339845,-1145052,0
142,0.142,-1.8917236328125,-1.8917629793095,5.91420332162116,38012.7299073321,-1044886,0
143,0.143,-2.4044189453125,-2.40450446153329,-80.7073864558749,30413.3792816262,-835997,0
144,0.144,4.68212890625,4.68210890022448,-81.1905866381368,30052.2249038594,-826069,0
145,0.145,12.1298828125,12.1298712124699,37.5982230635188,40185.0997215577,-1104600,0
146,0.146,9.44482421875,9.44475804627327,52.0559225939874,41605.8150648937,-1143652,0
147,0.147,5.3389892578125,5.33893438491281,-54.9732296748227,32392.7664476395,-890406,0
148,0.148,10.4461669921875,10.4461586076927,23.3391111703241,39067.2181312562,-1073872,0
149,0.149,8.87890625,8.87892727251453,43.9754343255089,40975.3573798129,-1126322,0
150,0.15,5.403564453125,5.40355413406478,-26.2650364079089,34967.8109699893,-961188,0
151,0.151,19.9356689453125,19.9357300805004,25.249311742118,39397.3792434532,-1082947,0
152,0.152,30.038330078125,30.0383315062379,117.842951947644,47645.3038642974,-1309664,0
153,0.153,31.89306640625,31.893013323992,-45.0443756388156,33776.4630109782,-928440,0
154,0.154,47.616455078125,47.6165407863398,23.9312150759731,39668.4797988576,-1090399,0
155,0.155,57.447998046875,57.4480394568154,59.9201416486788,42929.9857743756,-1180050,0
156,0.156,64.01806640625,64.018035711645,60.9375562025235,43256.082974343,-1189014,0
157,0.157,70.261962890625,70.2619409482209,58.2068047410564,43256.3583176214,-1189022,0
158,0.158,76.505615234375,76.5055701925069,18.2475273517243,39969.7423724779,-1098680,0
159,0.159,86.035888671875,86.0358175013179,97.2977308116852,46998.201514939,-1291877,0
160,0.16,88.53759765625,88.5376081448177,50.6649219039555,43278.6457723034,-1189634,0
161,0.161,94.759033203125,94.7589476259315,-17.5915272042775,37472.1033624557,-1030025,0
162,0.162,106.786865234375,106.786837929271,84.1345237158225,46354.544494022,-1274184,0
163,0.163,109.932373046875,109.932282310959,94.4523320888959,47594.6747304825,-1308272,0
164,0.164,111.837646484375,111.837602145899,120.830859102988,50288.8829148096,-1382330,0
165,0.165,111.048828125,111.048710071762,85.2748140919634,47636.991185578,-1309436,0
166,0.166,112.911743164062,112.911716388804,-13.6038840032379,39272.3307192354,-1079510,0
167,0.167,123.139404296875,123.139375605801,110.030614794032,50098.4584793503,-1377096,0
168,0.168,122.540893554688,122.540907336984,131.017840502335,52379.7352088878,-1439803,0
169,0.169,119.661254882812,119.661158714244,51.4829951759372,45897.9272544681,-1261633,0
170,0.17,123.26318359375,123.263227667188,148.733837956581,54659.2562841193,-1502462,0
171,0.171,118.10400390625,118.103955628858,184.305790242947,58376.7892775721,-1604649,0
172,0.172,109.227172851562,109.227158549946,92.8133515291952,51053.0939306411,-1403337,0
173,0.173,107.674072265625,107.674054018696,113.205705213171,53214.0481666682,-1462737,0
174,0.174,103.9599609375,103.959995655069,138.341537438084,55872.9375266422,-1535824,0
175,0.175,97.5870361328125,97.5870433426311,121.537110801305,54940.3203724112,-1510188,0
176,0.176,92.146728515625,92.1467104680413,92.1868995945889,52837.3302996637,-1452381,0
177,0.177,88.809326171875,88.8093698603861,75.6281003538035,51744.109846074,-1422331,0
178,0.178,86.5653076171875,86.565244344796,45.5235066703202,49393.4853421243,-1357718,0
179,0.179,86.6717529296875,86.6717525732329,169.985186023191,60525.8399295114,-1663722,0
180,0.18,75.6458740234375,75.6459009274796,65.9467719813612,52041.5610082499,-1430508,0
181,0.181,73.104248046875,73.1043258054714,-13.8200972661549,45282.4343702509,-1244714,0
182,0.182,77.32177734375,77.3218727400443,125.411579927974,57480.2602193275,-1580005,0
183,0.183,69.341552734375,69.3415919664322,89.5021021912991,54815.3510960557,-1506753,0
184,0.184,64.0262451171875,64.0262248819202,150.154983880677,60506.1589841722,-1663181,0
185,0.185,53.02001953125,53.0200549875281,29.7153321272907,50500.2815062352,-1388141,0
186,0.186,52.019775390625,52.0197577501059,-20.6482789592083,46185.5998618618,-1269540,0
187,0.187,55.3341064453125,55.3341466895938,-18.9783284587431,46251.0361005718,-1271339,0
188,0.188,58.5830078125,58.5830943661541,107.528100182399,57308.6753802372,-1575289,0
189,0.189,50.7744140625,50.7743985289398,-2.28262514873575,48069.8524906174,-1321334,0
190,0.19,52.2044677734375,52.2045342233062,35.0481601833511,51345.9497957538,-1411387,0
191,0.191,50.3585205078125,50.358565459321,141.033826066179,60811.0585298466,-1671562,0
192,0.192,39.0474853515625,39.0474895907546,77.0012659599805,55732.9947858104,-1531977,0
193,0.193,32.814453125,32.8144808714397,-81.9949315200081,42045.3304055814,-1155733,0
194,0.194,40.26904296875,40.2691344469797,23.5904084728983,51013.1243353161,-1402238,0
195,0.195,38.7559814453125,38.7559883748445,35.7442580207436,52175.7980281775,-1434197,0
196,0.196,36.0802001953125,36.0801756889772,73.1188945408955,55605.8843726168,-1528483,0
197,0.197,29.9742431640625,29.9742793976692,134.693401271215,61313.1143605324,-1685362,0
198,0.198,18.1611328125,18.1611478700817,3.93519640343291,50338.1618803863,-1383685,0
199,0.199,17.3228759765625,17.3229705430803,15.0031986717922,51327.6822354027,-1410885,0
200,0.2,15.4952392578125,15.4952658048287,32.6808559750866,52942.5487064488,-1455274,0
201,0.201,12.0526123046875,12.0527002078985,20.8762889214228,52032.770825116,-1430266,0
202,0.202,9.5198974609375,9.51990698814838,-44.2978890051768,46379.862756237,-1274880,0
203,0.203,12.6400146484375,12.6400283873233,8.53236538219837,50854.0370765336,-1397865,0
204,0.204,11.285888671875,11.2859750579609,-2.82298576222948,49888.4519543529,-1371323,0
205,0.205,10.8974609375,10.8975004035845,-0.736831287266114,50060.8884003604,-1376063,0
206,0.206,10.3365478515625,10.3365930911084,55.5138688243095,55008.0410002569,-1512050,0
207,0.207,4.8284912109375,4.8285325148591,71.7091382671419,56652.3934653445,-1557249,0
208,0.208,-2.3238525390625,-2.32388035874862,-23.1848466724209,48584.8304685417,-1335490,0
209,0.209,-1.4088134765625,-1.40872431574389,6.32815779179269,51090.4410867297,-1404363,0
210,0.21,-2.9991455078125,-2.99918907537952,32.4442004190023,53413.6364048862,-1468223,0
211,0.211,-6.912841796875,-6.91283782508058,84.2663253144341,58102.0730989384,-1597098,0
212,0.212,-15.514892578125,-15.5149272802929,-39.8328462374863,47514.0294547108,-1306056,0
213,0.213,-13.529052734375,-13.5289697036496,-5.14839169400272,50409.0013775918,-1385632,0
214,0.214,-14.43798828125,-14.4379942733777,15.1940802708842,52178.8130600939,-1434280,0
215,0.215,-17.1168212890625,-17.1168230194021,-10.9356243441735,49939.3852828783,-1372723,0
216,0.216,-17.5562744140625,-17.5562243395914,-97.4750843235807,42280.7389597796,-1162204,0
217,0.217,-10.3370361328125,-10.336983888674,-57.5348902233511,45410.6444076903,-1248238,0
218,0.218,-6.2476806640625,-6.24764927429199,-105.42476523751,40969.1876598426,-1126152,0
219,0.219,2.2830810546875,2.28314371686224,-91.0558347342483,41817.4365709719,-1149469,0
220,0.22,9.9656982421875,9.96568492098877,67.149770835553,55380.0414255836,-1522275,0
221,0.221,4.085693359375,4.0856277096502,17.2753306867709,51256.1979877496,-1408920,0
222,0.222,2.3294677734375,2.32941859364807,129.600135386154,61208.9838068466,-1682500,0
223,0.223,-9.3795166015625,-9.37957753162033,-58.825342296662,45139.2031052634,-1240777,0
224,0.224,-5.018798828125,-5.01879172712003,-30.1582392084891,47429.6657256354,-1303737,0
225,0.225,-2.948486328125,-2.94847428917339,69.7519090561293,56102.6940445267,-1542139,0
226,0.226,-9.5511474609375,-9.55118563269212,-14.8159348194651,48936.104320428,-1345145,0
227,0.227,-8.9873046875,-8.98730288109977,41.3536420947948,53820.5337782156,-1479408,0
228,0.228,-13.307861328125,-13.3078529546706,-4.14733085387231,49979.7123377231,-1373832,0
229,0.229,-13.78759765625,-13.7875821727814,-42.1049671650889,46623.066680125,-1281565,0
230,0.23,-10.91064453125,-10.9106663920337,-82.262772218583,42922.9494250497,-1179857,0
231,0.231,-4.3336181640625,-4.33363013104527,17.9998253420386,51421.2845856655,-1413458,0
232,0.232,-6.2548828125,-6.25492981502069,-15.0759508702126,48581.6795894377,-1335403,0
233,0.233,-5.336669921875,-5.33662137239538,-22.3151131738212,47885.1134526846,-1316256,0
234,0.234,-3.7218017578125,-3.721755016027,-38.4274100476911,46379.1312609738,-1274860,0
235,0.235,-0.6009521484375,-0.600906500544086,27.6169808195535,52039.326242423,-1430446,0
236,0.236,-3.1402587890625,-3.14025305478447,11.3456458177041,50716.4806025358,-1394084,0
237,0.237,-4.356689453125,-4.35675063695744,-23.6499412071412,47681.6615540378,-1310664,0
238,0.238,-2.5384521484375,-2.53842330447753,61.6942401961631,55098.5795496427,-1514538,0
239,0.239,-8.136962890625,-8.13702164849456,-14.5258836740867,48634.7775093552,-1336863,0
240,0.24,-7.2718505859375,-7.27181035713902,3.57851177123828,50170.6161197985,-1379079,0
241,0.241,-7.9423828125,-7.9424461550775,-21.3931826162546,47987.234978172,-1319063,0
242,0.242,-6.4296875,-6.42969185593166,-18.4834695352666,48158.82944433,-1323780,0
243,0.243,-5.0885009765625,-5.08853696369215,150.280703842255,62937.1039638266,-1730002,0
244,0.244,-18.5255126953125,-18.5256537902067,53.8961634750249,55048.5726302796,-1513164,0
245,0.245,-24.07421875,-24.0742298916137,-63.6588732271056,44916.5114538915,-1234656,0
246,0.246,-19.4908447265625,-19.4907556954787,-14.6075245673441,48981.7049044499,-1346399,0
247,0.247,-18.9725341796875,-18.9724837211123,52.3597579555498,54817.1552594727,-1506802,0
248,0.248,-24.2896728515625,-24.2896590588827,-22.5741586745865,48429.6869204292,-1331225,0
249,0.249,-23.2193603515625,-23.2193630302213,-40.9770233184427,46721.1120533226,-1284260,0
250,0.25,-20.4405517578125,-20.440490739429,119.760589508418,60704.2446940252,-1668626,0
251,0.251,-31.6446533203125,-31.6447566841036,-55.1951073664752,45780.9581764138,-1258417,0
252,0.252,-27.92578125,-27.925721886436,-26.7765924446642,48063.8772056503,-1321170,0
253,0.253,-26.4896240234375,-26.489620029932,-95.1848914198719,41938.2329088605,-1152789,0
254,0.254,-18.9278564453125,-18.9278692384403,33.6004587287136,52895.5537706103,-1453982,0
255,0.255,-22.3233642578125,-22.3234378472412,-39.3838361593893,46605.5904315183,-1281085,0
256,0.256,-19.4290771484375,-19.4290377163682,2.99577020787492,50179.5084066802,-1379324,0
257,0.257,-20.1085205078125,-20.1085652160179,-19.2953121720606,48229.7204580266,-1325728,0
258,0.258,-18.8382568359375,-18.8382975183477,-10.3174531770103,48943.5941571357,-1345351,0
259,0.259,-18.2818603515625,-18.2819036975486,-4.96005942239952,49374.3115023987,-1357191,0
260,0.26,-18.15625,-18.1562268270035,-24.1100688263618,47669.5283602503,-1310330,0
261,0.261,-16.3258056640625,-16.3257724968506,0.203961439727788,49713.9764719397,-1366527,0
262,0.262,-16.539794921875,-16.5397672493651,-52.7337120732499,45056.2664425618,-1238497,0
263,0.263,-12.0960693359375,-12.096051619912,-30.5068496557137,46804.0376400397,-1286540,0
264,0.264,-9.400146484375,-9.40010642101732,-50.8714423348558,44891.5124418345,-1233968,0
265,0.265,-4.7916259765625,-4.79163806042548,-10.4815357051901,48244.9837709071,-1326148,0
266,0.266,-3.53662109375,-3.53663659812093,53.6235878741073,53844.8535429211,-1480076,0
267,0.267,-7.8814697265625,-7.88150455911866,-30.0049736225188,46697.246056145,-1283604,0
268,0.268,-5.0787353515625,-5.07876327124872,-4.21869956989583,48847.9785369141,-1342723,0
269,0.269,-4.4267578125,-4.42675493496152,42.1365455285882,52910.5846796788,-1454395,0
270,0.27,-7.8372802734375,-7.83735534136781,-72.6384123675743,42976.7434665633,-1181336,0
271,0.271,-1.3140869140625,-1.31410768681795,-15.8472175856866,47687.5921553423,-1310827,0
272,0.272,0.498291015625,0.498286797345787,40.7027021923175,52601.4202807783,-1445897,0
273,0.273,-2.6031494140625,-2.60314821870962,-85.8553958650067,41625.0019199891,-1144179,0
274,0.274,5.2718505859375,5.27183466627837,-2.06711046504776,48659.4139323104,-1337540,0
275,0.275,6.1124267578125,6.11240704034682,-25.6036614465729,46580.0364938202,-1280382,0
276,0.276,9.0323486328125,9.03235724996328,-69.3776646424301,42626.8409571937,-1171718,0
277,0.277,15.905517578125,15.9055005806046,76.928563210138,55227.8859882114,-1518093,0
278,0.278,10.1776123046875,10.1776011002987,1.78162296729703,48918.669214395,-1344666,0
279,0.279,10.7589111328125,10.7589179511199,16.1277533207843,50188.1625329768,-1379562,0
280,0.28,10.07080078125,10.0707399415969,12.8046923684183,49959.405539279,-1373274,0
281,0.281,9.611328125,9.61132485275358,30.5367915629966,51570.3831938724,-1417556,0
282,0.282,7.5408935546875,7.54092728357999,44.6153532216907,52929.8558729282,-1454925,0
283,0.283,4.111083984375,4.11105379216921,-95.7532959303938,40753.556162064,-1120225,0
284,0.284,12.857421875,12.8574855035176,-2.66524750743352,48567.2704109513,-1335007,0
285,0.285,13.7901611328125,13.7901948289539,88.0175005084761,56536.829839192,-1554073,0
286,0.286,6.75341796875,6.75334710899316,48.3509616442191,53393.6675111449,-1467674,0
287,0.287,2.859619140625,2.85967078496628,-6.9157040108277,48721.0905300721,-1339235,0
288,0.288,3.6385498046875,3.63856094140583,20.7889118049429,51131.7935224252,-1405500,0
289,0.289,2.0067138671875,2.00675146627128,-26.2268247430804,47076.4833300051,-1294029,0
290,0.29,4.43017578125,4.43024981090094,-9.4550875415828,48448.8526996512,-1331752,0
291,0.291,5.4813232421875,5.48137543155339,-55.3179161420171,44375.5950971988,-1219787,0
292,0.292,10.605712890625,10.6057602843343,-15.9238165340435,47623.8807297718,-1309075,0
293,0.293,12.4818115234375,12.4818597205163,-11.9838827689053,47907.7276734275,-1316878,0
294,0.294,14.0740966796875,14.0741119552357,-48.4642707819876,44650.1411591046,-1227334,0
295,0.295,18.9239501953125,18.9239534110906,28.8411763223451,51261.6835632386,-1409070,0
296,0.296,17.1622314453125,17.1622534637634,57.7878632903675,53922.8569805452,-1482220,0
297,0.297,12.7393798828125,12.7393784317986,46.042110828832,53117.3772482005,-1460079,0
298,0.298,9.1220703125,9.12198511056251,-1.004743551605,49159.0283162742,-1351273,0
299,0.299,9.4630126953125,9.46294809706256,-34.7396402070331,46186.3906830548,-1269562,0
